document,cluster_id,silhoutte_score,avg_cos_sim_to_centroid,cos_sim_to_centroid,centroid_ratio
The company is developing the 12CQ quantum computing chip,30,-0.02,0.90,0.98,0.67
He was the first to develop a quantum algorithm that,8,0.08,0.92,0.92,0.86
"in the CQE community, these organizations are developing quantum technology",39,0.05,0.85,0.95,0.57
QuEra is developing hardware and software with the goal of providing useful quantum computing,30,-0.02,0.90,0.97,0.73
"qBraid, based in Chicago, is a platform for quantum computing, providing everything necessary to develop quantum software",8,0.08,0.92,0.92,0.88
our ability to develop our quantum computing program,30,-0.02,0.90,0.94,0.72
The Company is engaged in quantum computing and develops general-purpose quantum computing systems,30,-0.02,0.90,0.92,0.74
"The current state of research into quantum technologies and their applications is still at an early stage, offering only a partial understanding",28,0.01,0.88,0.93,0.83
"EuroQCI is the European Union’s initiative to build, develop and deploy this pan-European quantum secure",8,0.08,0.92,0.97,0.75
The company builds quantum computers and the superconducting quantum processors that power them,29,0.07,0.85,0.95,0.52
"EuroQCI is a European Union initiative to build, develop and deploy this pan-European quantum secure",8,0.08,0.92,0.97,0.75
Samsung is Using Quantum Computing to Research Better,31,0.01,0.78,0.92,0.73
"Shor developed the first potentially useful quantum algorithm,",30,-0.02,0.90,0.95,0.78
it presents the go-to choice for many small scale qubit systems and is commonly,2,0.01,0.91,0.91,0.80
Quantum information processing for solving real-world problems is available now,2,0.01,0.91,0.94,0.78
The Programme will focus on developing quantum hardware and quantum materials as well as algorithms to deliver a quantum computer that can solve tasks which today are insolvable,8,0.08,0.92,0.92,0.87
"are not looking to compete against organisations like Google, Microsoft, IBM and Intel and others who are racing to build quantum computers",8,0.08,0.92,0.94,0.67
that are developing quantum computers and devices,30,-0.02,0.90,0.94,0.78
These atom arrays can function as quantum processors and are strong contenders for building a quantum computer capable of solving certain computational problems much faster,34,0.09,0.84,0.92,0.86
"Even when quantum computing’s science is established, there will be challenges like familiarizing the industry with a computing system that",28,0.01,0.88,0.92,0.98
They enable the creation of qubits that,3,0.01,0.84,0.91,0.74
Rigetti Computing (NASDAQ:RGTI) provides quantum computing systems and services,21,0.02,0.87,0.96,0.58
that quantum computing is still in its early stages,11,0.12,0.95,0.98,0.51
the global effort to build scalable quantum processors,26,0.16,0.94,0.99,0.68
"CDPH provides multiple resources, including a Q",7,0.74,0.97,1.00,0.13
"Further, the company builds quantum computers and the underlying superconducting quantum processors for some of the top organizations",29,0.07,0.85,0.91,0.68
Quantum circuit simulation is critical for developing applications and algorithms for quantum computers,12,0.02,0.87,0.94,0.97
optical switch is a key part of PsiQuantum’s plans to build a scalable million qubit quantum computer,8,0.08,0.92,0.95,0.80
There are many challenges to building a scalable quantum computer,8,0.08,0.92,0.97,0.74
I'm excited for the opportunity to even further build our quantum sensing program at CINT,29,0.07,0.85,0.93,0.66
QIR enables developers to use tools such as QODA to build applications that run on hybrid quantum computers to accelerate scientific discovery,32,-0.01,0.83,0.90,0.95
Our quantum dots enable products that,3,0.01,0.84,0.90,0.73
"Among many research areas, the program is focused on advancements across quantum computing and quantum communications",24,0.11,0.85,0.92,0.66
"Google, Microsoft and others, are the necessary impetus for people to adopt post-quantum cryptography",2,0.01,0.91,0.91,0.98
"South Korea’s top mobile carrier SK Telecom Co. is expanding its business portfolio with quantum technology, even into industries that are unrelated to the company’s main field, as the telco has been nurturing the science sector for more than a decade to develop a future growth engine",27,0.05,0.87,0.90,0.89
These systems are currently being leveraged to build superconducting quantum computers so I will discuss,8,0.08,0.92,0.90,0.82
"cuQuantum enables the quantum computing ecosystem to solve problems at the scale of future quantum advantage, enabling the development of algorithms and the design and validation of quantum hardware",32,-0.01,0.83,0.91,0.88
"Although this threat is currently only theoretical, leaders in quantum computing are already working on quantum cryptography to get ahead of this potential cybersecurity threat",28,0.01,0.88,0.93,0.78
quantum computers are to be developed,39,0.05,0.85,0.91,0.78
more superconducting devices of a quantum processor (100) are provided,22,0.03,0.79,0.90,0.71
I’m excited for the opportunity to even further build our quantum sensing program at CINT,29,0.07,0.85,0.93,0.66
that this is a trivial problem for a sufficiently powerful quantum computer,2,0.01,0.91,0.94,0.75
"As a first step, we are building an optical quantum memory based on rare-earth-ion-doped crystals",26,0.16,0.94,0.93,0.84
"The next step in the evolution of computers is the quantum computer, whose fundamental logic units exploit this exotic behavior",34,0.09,0.84,0.91,0.88
"Among many research areas, the program is focused on advancements across quantum computing and quantum communications",24,0.11,0.85,0.92,0.66
The implementations of these quantum computers are still in its infancy,2,0.01,0.91,0.93,0.81
The company has developed the industry's first multi-chip quantum processor for scalable quantum computing systems,39,0.05,0.85,0.94,0.62
If quantum computers are available in the future,2,0.01,0.91,0.91,0.91
a hybrid classical-quantum system will be the primary way to leverage the power of quantum computers as they mature,28,0.01,0.88,0.92,0.91
should be able to capture and quantify the challenging aspects that currently make it difficult to build a scalable quantum computing platform,38,-0.05,0.79,0.90,0.84
"Over the next 10 years, Intel expects to be competitive (or pull ahead) of others in terms of qubit count and performance",2,0.01,0.91,0.91,0.85
Quantum computing is more in the early stages,11,0.12,0.95,0.98,0.51
Rigetti has developed the industry's first multi-chip quantum processor for scalable quantum computing systems,39,0.05,0.85,0.94,0.62
There are also efforts to realize qubits using classical silicon technology,28,0.01,0.88,0.91,0.86
these materials to build quantum devices and hardware,26,0.16,0.94,0.97,0.62
"However, there are still many obstacles hindering practical quantum computing",11,0.12,0.95,0.99,0.50
The reality is that Alphabet has built the world’s leading quantum computer,8,0.08,0.92,0.96,0.71
"That is, other quantum computing players like Alphabet have chased quantum supremacy",2,0.01,0.91,0.94,0.74
"So, Quantum Computing is building a portfolio of affordable quantum computing software and apps that deliver quantum computing power",29,0.07,0.85,0.90,0.86
"Since it is difficult to experimentally achieve stimulated emission output using both long-lived atomic energy levels and bad cavity structures, this requirement greatly limits the quantum systems that can be used for the active optical frequency standard",2,0.01,0.91,0.92,0.98
QCI to combine its deep expertise and experience in quantum computing with QPhoton’s research efforts to develop photonic-based quantum systems,32,-0.01,0.83,0.91,0.97
QCI has developed a room-temperature Entropy Quantum System for solving real world business problems today,39,0.05,0.85,0.96,0.54
QCI has developed a room-temperature Entropy Quantum System (EQC) for solving real world business problems,39,0.05,0.85,0.96,0.54
we will continue to build a company that will deliver on the promise of quantum computing - today,26,0.16,0.94,0.92,0.77
quantum computing to working hands in order to enable them to build their skills and use them to develop work tasks,30,-0.02,0.90,0.91,0.84
"the AWS Center for Quantum Networking (CQN) and Harvard Quantum Initiative (HQI) will team to cultivate projects to develop quantum memory, integrated photonics, and quantum applications that could help underpin future quantum networks and a quantum internet",39,0.05,0.85,0.92,0.85
quantum networking can be a key part of developing large-scale quantum computers via interconnecting multiple quantum chips,34,0.09,0.84,0.92,0.99
Researchers from IIT Madras will contribute to the advancement of research in the application of quantum computing with support from IBM Research India in such domains that are relevant to India,27,0.05,0.87,0.90,0.99
"QphoX is developing the world’s first Quantum Modem™, a breakthrough device that will allow the quantum computing industry to scale through connectivity and parallelization and unlock the potential of the Quantum Internet.",32,-0.01,0.83,0.93,0.87
"AWS is also a founding member of the Quantum Ecosystems and Technology Council of India (QETCI), to help develop the quantum computing community",8,0.08,0.92,0.92,0.80
"We are delighted to collaborate with the Government of India, MeitY QCAL, and AWS to build and enhance the quantum computing community",26,0.16,0.94,0.90,0.85
ARQQ Stock Provides Affordable Quantum Computing Exposure,7,0.74,0.97,1.00,0.13
a team of Harvard-led physicists that general idea might be a key to finally building large-scale quantum computers,27,0.05,0.87,0.92,0.79
we develop a framework for using QML methods to       simulate quantum dynamics on near-term quantum hardware,30,-0.02,0.90,0.91,0.78
Leading quantum organizations are already using NVIDIA GPUs and highly specialized NVIDIA software NVIDIA cuQuantum to develop individual quantum circuits,39,0.05,0.85,0.92,0.81
The Company develops and sells quantum key distribution products,39,0.05,0.85,0.95,0.61
"Moreover, there is also a specific restriction now prohibiting U.S. persons from “providing quantum computing services to any person located in Russia",28,0.01,0.88,0.90,0.92
Rigetti has developed the industrys first multi-chip quantum processor for scalable quantum computing systems,39,0.05,0.85,0.92,0.80
"IBM has a 127-qubit quantum computer today, with plans for a 433-qubit model in 2023 and more than 4,000",35,0.14,0.84,0.92,0.64
Applications built on Q,26,0.16,0.94,0.99,0.68
There is a structured process and operational support available for companies that consider building on Q,8,0.08,0.92,0.90,0.78
while customer participation in platform Q&A services is low,11,0.12,0.95,0.92,0.75
The two biggest public cloud platforms in the world now provide Rigetti quantum computers,21,0.02,0.87,0.95,0.60
Rigetti has developed the industry’s first multi-chip quantum processor for scalable quantum computing systems,39,0.05,0.85,0.94,0.62
"Additionally, many well-established players based in North America are focusing on development of new technology in quantum",24,0.11,0.85,0.92,0.68
our mission to build the first scalable quantum networks,26,0.16,0.94,0.99,0.68
The company provided a Q,7,0.74,0.97,1.00,0.13
The measurement-based estimator scheme for continuous quantum error correction was developed by them,30,-0.02,0.90,0.98,0.72
"In fact, with our activities in post-quantum cryptography mastered by Dr. Nastja Cepak and her excellent team are already a big step forward,” said Trampuž",19,-0.00,0.86,0.91,0.74
"the services to establish programs with small and medium businesses to provide quantum computing capabilities to government, industry, and academic researchers working on these challenges",21,0.02,0.87,0.92,0.88
offering the foundational technologies needed for organizations around the world to build scalable and powerful distributed quantum systems,29,0.07,0.85,0.90,0.85
Researchers from IIT Madras will contribute to the advancement of research in the application of quantum computing with support from IBM Research India in such domains that are relevant to the country,27,0.05,0.87,0.90,0.99
disruptive cyberattacks powered by quantum computing are a key cybersecurity threat of the future,28,0.01,0.88,0.95,0.74
silicon-based quantum technology has started being developed,30,-0.02,0.90,0.98,0.72
This was essential for realizing the practical quantum network,2,0.01,0.91,0.95,0.79
IIT-M researchers will lead advancement of research in the application of quantum computing with support from IBM Research India to such domains that are relevant to India,28,0.01,0.88,0.92,0.88
"For Amazon, the hope is to be able to research and develop the support infrastructure for quantum computers alongside the computer",2,0.01,0.91,0.91,0.99
"quantum memory technology to enable new hardware, software, and applications for quantum networks that",3,0.01,0.84,0.91,0.72
"Quantinuum is now the largest full-stack quantum computing company in the world and is making incredible progress across quantum computing hardware, operating system, applications and cybersecurity",27,0.05,0.87,0.91,0.80
"The first real-world application of the quantum internet is genuinely secure, unhackable communication",28,0.01,0.88,0.93,0.82
that quantum computing applications are extremely limited,31,0.01,0.78,0.92,0.73
Techniques regarding quantum transducers are provided,21,0.02,0.87,0.92,0.79
"Several quantum sensors have been developed and incorporated into today’s space technology, as a result of such applications",39,0.05,0.85,0.93,0.65
"The research is supported by the Gordon and Betty Moore Foundation's Emergent Phenomena in Quantum Systems Initiative, and was also",2,0.01,0.91,0.96,0.69
Abstract       Quantum circuit model is the most popular paradigm for implementing complex quantum computation,2,0.01,0.91,0.93,0.85
A Q&A facility will be available on the day via Webex Chat,11,0.12,0.95,0.99,0.46
this investment in quantum sensors will drive increased engagement between the Burlington campus and the leading quantum companies,2,0.01,0.91,0.93,0.96
by Meity and AWS in January 2021 to enable quantum computing research,8,0.08,0.92,0.93,0.88
"For instance, multinational tech services firm Capgemini announced Q-Lab, a quantum computing laboratory in January this year, in partnership with IBM",36,0.08,0.83,0.94,0.53
The movement built around Q posts,26,0.16,0.94,0.99,0.62
Computing gain from quantum computing will be orders of magnitude faster than what,28,0.01,0.88,0.92,0.82
"because so many nations are racing to develop quantum technology, it is possible a researcher",8,0.08,0.92,0.94,0.78
a three-year project to build a 50-qubit quantum computer by 2024 under the stewardship of VTT Technical Research Centre of Finland,29,0.07,0.85,0.93,0.72
The Fund’s Forms N-Q and N-PORT reports are available on the SEC’s website,11,0.12,0.95,0.99,0.71
"in-the-middle quantum stations, which can also be set out in a non-chain configuration to build a quantum network",29,0.07,0.85,0.92,0.71
we aim to provide a fair comparison of their performance for quantum cryptography,21,0.02,0.87,0.92,0.89
The National Quantum Office’s collaboration with the Finnish quantum ecosystem is a tremendous opportunity to develop competitive and world-leading quantum technologies,27,0.05,0.87,0.94,0.84
Advancements in quantum computing are essential for any nation’s digital economy,2,0.01,0.91,0.91,0.91
The Funds Forms N-Q and Form N-PORT reports are available       on the SECs,2,0.01,0.91,0.92,0.84
The Fund’s Forms N-Q and N-PORT are available on the SEC’s website,11,0.12,0.95,0.99,0.71
Integrating qubit materials with existing industrial-scale foundries is a significant challenge in developing quantum processors,28,0.01,0.88,0.92,0.86
EeroQ is developing single-electron quantum computing hardware,30,-0.02,0.90,0.97,0.73
The startup notes its qubits are still in an early stage compared to other technologies,2,0.01,0.91,0.91,0.81
Trapped ions provide an alternative flexible platform to perform quantum simulations due to its state-of-the-art technologies,22,0.03,0.79,0.91,0.77
"Archer is developing the12CQ chip, a world-first qubit processor technology, that could potentially allow for quantum computing",3,0.01,0.84,0.92,0.86
"She added that IBM is also researching quantum AI, but that is much farther",2,0.01,0.91,0.92,0.92
the most compelling aspect of the quantum revolution is the recent emergence of programs to develop national quantum computing centers,27,0.05,0.87,0.93,0.87
He added integrating qubit materials with industrial-scale foundries is a “significant challenge” in developing quantum processors,28,0.01,0.88,0.92,0.90
of building a quantum computer falls over the next 10 years,35,0.14,0.84,0.91,0.60
"The fundamental challenge to quantum computers is that the operations you want to do are noisy,"" said Thompson,",19,-0.00,0.86,0.92,0.72
One way to build a qubit,26,0.16,0.94,0.95,0.79
This research has been crucial to understanding and developing quantum computers,2,0.01,0.91,0.94,0.77
Multiverse's Singularity SDK is a front-runner in delivering intuitive quantum software,34,0.09,0.84,0.92,0.97
This allows the algorithm to be implemented in 3n qubits,3,0.01,0.84,0.91,0.72
the effort to build quantum computers,26,0.16,0.94,0.95,0.71
"The College Park, Maryland-based company develops quantum computers, including the IonQ Aria,",39,0.05,0.85,0.92,0.74
The National Quantum Office’s collaboration with the Finnish quantum ecosystem is a tremendous opportunity to develop competitive and world leading quantum technologies,27,0.05,0.87,0.94,0.84
Quantum architecture Microsoft is developing quantum simulations and materials,39,0.05,0.85,0.95,0.63
Cleaner Energy Could Be Closer Than We Think       The application of quantum technologies,19,-0.00,0.86,0.90,0.92
"As it stands, Sky Q is available right now, with prices starting from just £26",11,0.12,0.95,0.92,0.74
Multiverse’s Singularity SDK is a front-runner in delivering intuitive quantum software,34,0.09,0.84,0.92,0.97
Governments and companies alike are thus rushing to develop quantum computing,8,0.08,0.92,0.94,0.77
"While Baidu’s recently announced quantum computer is only 10 qubits, the company claims to have also developed a 36 qubit chip",8,0.08,0.92,0.93,0.92
you will implement these algorithms on quantum computers or simulators to develop quantum machine learning based parameterizations,39,0.05,0.85,0.92,0.75
Further aspects provide a quantum computer comprising the device,21,0.02,0.87,0.91,0.76
The National Quantum Office ’ s collaboration with the Finnish quantum ecosystem is a tremendous opportunity to develop competitive and world leading quantum technologies,27,0.05,0.87,0.94,0.84
"at Q-NEXT, a research consortium focused on quantum information challenges",24,0.11,0.85,0.92,0.56
"The fundamental challenge to quantum computers is that the operations you want to do are noisy,” said Thompson,",19,-0.00,0.86,0.92,0.72
"Moreover, numerous traditional cryptographic algorithms used by blockchain transaction networks are difficult to attack quantum computing",28,0.01,0.88,0.93,0.80
We have great academic capabilities in Australia around quantum computing,31,0.01,0.78,0.90,0.81
by the Defense Advanced Research Projects Agency (DARPA) to develop benchmarks for quantum application performance on large-scale quantum computers,39,0.05,0.85,0.90,0.87
how building a quantum internet to network quantum computers and quantum data might be a foundational system for the evolution of a quantum metaverse,28,0.01,0.88,0.91,0.91
"QphoX is developing the world's first Quantum Modem (TM) , a breakthrough device that will allow the quantum computing industry to scale through connectivity and parallelization and unlock the potential of the Quantum Internet.",32,-0.01,0.83,0.93,0.87
"QphoX is developing the world's first Quantum Modem(TM), a breakthrough device that will allow the quantum computing industry to scale through connectivity and parallelization and unlock the potential of the Quantum Internet.",32,-0.01,0.83,0.93,0.87
facing quantum technologies is the time-frame in which error-corrected quantum computers will be developed,28,0.01,0.88,0.92,0.98
Some prototypes of QPU with hundreds of qubits are already built,29,0.07,0.85,0.93,0.60
"Of course they are far from ""commercially viable"" quantum computer, but with each day new quantum computers are built with increasing number of qubits",8,0.08,0.92,0.94,0.82
Quantum technology in the first era (1st gen quantum) was developed,39,0.05,0.85,0.95,0.60
"On August 25, 2022, Baidu announced its first superconducting quantum computer that fully integrates hardware, software, and applications",36,0.08,0.83,0.92,0.63
Baidu also announced a plan to develop a 36-qubit quantum chip,36,0.08,0.83,0.92,0.64
"Within the last year, there has been rapid convergence within organizations around plans to build large-scale quantum systems",8,0.08,0.92,0.97,0.56
Economou’s Center for Quantum Information Science and Engineering focuses on researching quantum computing and communications,24,0.11,0.85,0.93,0.64
"As more applications for these new quantum technologies are realized, companies also are establishing their own quantum programs, Economou says",19,-0.00,0.86,0.92,0.77
To build quantum computers that are useful and available to people everywhere” — they are hiring for a ton of different roles that are relevant to people of varying backgrounds,8,0.08,0.92,0.91,0.78
"To help organizations with their plans, NIST and the Department of Homeland Security developed the Post-Quantum Cryptography Roadmap",39,0.05,0.85,0.91,0.74
using powerful quantum computers is a major concern in the future,2,0.01,0.91,0.92,0.83
"ColdQuanta, Inc., a US-based company that builds quantum computers and quantum sensing technologies,",29,0.07,0.85,0.92,0.66
There has been a development of encryption standards based on quantum cryptography,28,0.01,0.88,0.91,0.86
The Beijing-based company has also developed a 36-qubit quantum chip,30,-0.02,0.90,0.97,0.69
The current quantum computers are still limited in size because qubits (the building blocks of these computers; particles sometimes smaller than an atom) are extremely sensitive to disturbances,28,0.01,0.88,0.91,0.95
"a conventional computer, and the technical challenges to build a usable quantum computing device are immense",8,0.08,0.92,0.96,0.58
taking place in the UK now to develop quantum computers is the first step towards this exciting future,8,0.08,0.92,0.95,0.67
Microsoft pioneered innovation in the quantum computing world recently by announcing they,31,0.01,0.78,0.92,0.73
"The company harnesses quantum mechanics to build and integrate quantum computers, sensors, and networks",29,0.07,0.85,0.91,0.80
Demand for the world’s first utility-scale quantum computers will be extreme,11,0.12,0.95,0.95,0.69
"a handful of companies globally are developing quantum computers and Heaney has been working with IBMs quantum hardware and Qiskit software, supported by LAS, for three years",28,0.01,0.88,0.94,0.84
We have also provided a recipe for the implementation of this method on a universal quantum computer using the Quantum Restricted Boltzmann Machine algorithm,22,0.03,0.79,0.92,0.68
"a computational operation on two quantum bits (a CNOT gate) and a logical T gate, which is particularly difficult to implement using fault-tolerant quantum bits",28,0.01,0.88,0.91,0.88
Applications of Quantum Dots       Quantum dots are semiconductor nanocrystals,11,0.12,0.95,0.99,0.45
"We managed to build a couple quantum processors from scavenged parts,",26,0.16,0.94,0.93,0.77
Our work provides       guidance to develop advanced quantum classifiers on near-term quantum devices       and opens up an avenue to explore potential quantum advantages in various       classification tasks,21,0.02,0.87,0.91,0.80
"is the integer factorization method based on a nuclear magnetic resonance (NMR) quantum processor, which is used to realize small quantum computer technology",2,0.01,0.91,0.93,0.78
"Yet, quantum technology is still very much at the proof-of-concept stage",28,0.01,0.88,0.91,0.89
"Since this announcement, companies have continued to advance their quantum computing capabilities",31,0.01,0.78,0.92,0.73
SEEQC is developing the first fully digital quantum computing platform for global businesses,30,-0.02,0.90,0.98,0.72
we provide a quantum       algorithm to implement the Petz recovery channel,21,0.02,0.87,0.93,0.67
"In this article, we provide a new continuous-time quantum",7,0.74,0.97,1.00,0.13
"Zapata Computing, Inc. builds quantum-ready applications(R) for enterprise on Orquestra(R),",29,0.07,0.85,0.92,0.63
"Quantum Exponential Group plc (AQUIS: QBIT), a company focused on investing in quantum technology",24,0.11,0.85,0.95,0.59
"MZM lattices as a platform for future topological quantum computation,"" said the paper",18,0.02,0.85,0.93,0.59
The Co-Design Center for Quantum Advantage and its affiliated researchers are leaders in advancing quantum-based applications through scientific research,28,0.01,0.88,0.93,0.78
the power that's related to the number of qubits,35,0.14,0.84,0.92,0.59
They are providing the missing component to build technologically and economically effective quantum networks,21,0.02,0.87,0.91,0.83
"for learning quantum computing, the Xanadu Quantum Codebook, will be the foundational resource to educate and train Canada’s future diverse quantum workforce",27,0.05,0.87,0.91,0.83
Xanadu is a Canadian quantum technology company with the mission to build quantum computers that are useful and available to people everywhere,8,0.08,0.92,0.95,0.68
the first European country to develop a quantum computer,39,0.05,0.85,0.90,0.74
"Even if we are successful in developing quantum computing systems and executing on our strategy, competitors in       the industry may achieve technological breakthroughs",8,0.08,0.92,0.92,0.97
Quantum computing is in its relative infancy as a technology,2,0.01,0.91,0.94,0.79
"Furthermore, from an experimental perspective, it is difficult to build a quantum computing device",8,0.08,0.92,0.95,0.88
"Quantum computing will enable much faster data processing speeds, meaning more data can be processed and more complex models can be developed",32,-0.01,0.83,0.90,0.99
ZX-Calculus is a versatile graphical language for quantum computation       equipped with an equational theory,28,0.01,0.88,0.90,0.85
"In parallel with advancing the H-series hardware capabilities, Quantinuum also develops the software and algorithms to be used on quantum computers",39,0.05,0.85,0.94,0.64
QuPharm intends to build and deliver a full-stack quantum computer for pharmaceutical drug development,26,0.16,0.94,0.95,0.73
Quantum Brilliance is developing diamond-based quantum computers that are smaller than mainframe quantum computers and operate under less extreme conditions than most quantum systems,8,0.08,0.92,0.95,0.78
Its role would be to deliver the quantum keys that provide security for quantum encryption of communications,22,0.03,0.79,0.90,0.72
Shor’s algorithm is developed,30,-0.02,0.90,0.93,0.88
"as the next frontier in computation, Quantum       Computing is still in an early stage of development",27,0.05,0.87,0.90,0.98
the most exciting application of near-term quantum computers is the simulation of materials,28,0.01,0.88,0.91,0.93
planqc is building quantum computers that store information in individual atoms –,29,0.07,0.85,0.95,0.51
Our quantum computers are available via private cloud and on Amazon Braket,28,0.01,0.88,0.92,0.86
It is great to see the NIST post-quantum cryptography standardization effort,11,0.12,0.95,0.91,0.75
"aiming to have developed individual, fully integrated QPUs offering hundreds of qubits networked together",39,0.05,0.85,0.90,0.88
"Daan Sprenkels, who is researching post-quantum cryptography at Radboud University,",2,0.01,0.91,0.91,0.90
QuiX Quantum’s processors are already world leading and ideally suited to create the most powerful photonic quantum computer we have yet seen,8,0.08,0.92,0.92,0.88
"of developing good quality quantum processing units, it is the moment to       rethink the approach to advance quantum computing research",2,0.01,0.91,0.91,0.87
We set out to build a quantum computer capable of solving real-world problems,29,0.07,0.85,0.92,0.69
IonQ's ability to further develop and advance its quantum computers,30,-0.02,0.90,0.94,0.78
"The first step, of course, is building a practical quantum computer",26,0.16,0.94,0.99,0.51
"to technologies such as AI, automation and now quantum computing are enabling businesses to sift through the massive proliferation of data and use it as a source of innovation across ecosystems",32,-0.01,0.83,0.90,0.74
"However, quantum computing is still in its early stages, and there are many unknowns about the industry",2,0.01,0.91,0.93,0.79
"D-Wave Systems Inc. (""D-Wave"") is a leader in the development and delivery of quantum computing systems, software, and services and is the only company building both annealing quantum computers and gate-model quantum computers",28,0.01,0.88,0.91,0.86
"However, to harness this security promise, the implementation of QKD must be immaculate, from the construction of quantum devices to side-channel attacks, which is a major challenge in practice",34,0.09,0.84,0.91,0.80
"In a very real sense, the push to build a viable quantum computer",26,0.16,0.94,0.92,0.81
classical computation within a quantum program is an important direction for the future of quantum computing,12,0.02,0.87,0.93,0.77
"Quantum processors, however, are early in their development and to promote and accelerate innovation it is crucial",2,0.01,0.91,0.92,0.98
"D-Wave provides the only complete end-to-end quantum solutionencompassing hardware, software, real-time quantum cloud service, developer tools and powerful quantum hybrid solvers, and is the only company building both annealing and gate-model quantum computers",34,0.09,0.84,0.90,0.99
"a leader in quantum computing systems, software, and services, and the only company building both quantum annealing and gate-based quantum computers, announced today it",36,0.08,0.83,0.90,0.58
"In order to improve the exploration capability of the pathfinder algorithm, the concept of quantum computing is introduced and a new quantum coded pathfinder optimization algorithm (QPFA) is proposed",32,-0.01,0.83,0.90,0.92
"Since the time scale of noise is generally slower than one microsecond, a quantum gate such as the one developed by the Japanese researchers – which is sufficiently faster than this – can avoid the degradation of calculation accuracy due to noise, which the researchers say brings us much closer to realising a practical quantum computer",19,-0.00,0.86,0.92,0.97
"The National Science Foundation Research Traineeship Program (NRT) awarded a $3 million Collaborative Grant to the University of Georgia (UGA) and the University of Tennessee, Knoxville, to develop a Quantum Networks",39,0.05,0.85,0.93,0.65
"D-Wave is the first company to bring to market a real-time, cloud-based annealing quantum computer solution",2,0.01,0.91,0.90,0.95
"$199,221 grant to Kenyon College to fund research in quantum computing",31,0.01,0.78,0.92,0.73
"While the quantum computer will be available,       these encrypted data can be exposed by the quantum computer",2,0.01,0.91,0.91,0.90
"This is because quantum computing enables exponentially faster computation, which has the potential to break these factoring complexities",8,0.08,0.92,0.90,0.89
They also provide a protocol for the implementation of this method on a digital quantum simulator using the Quantum Restricted Boltzmann Machine algorithm,22,0.03,0.79,0.92,0.71
commenting on a recent agreement between the company and Mastercard to build innovative quantum computing applications,26,0.16,0.94,0.96,0.58
"Moreover, we identify novel physics-informed performance       metrics and controls that enable QCNs to leverage the state-of-the-art       advancements in quantum technologies to enhance their performance",32,-0.01,0.83,0.91,0.84
"Apart from Qian Shi, Baidu has recently developed the design of a 36-qubit superconducting quantum chip",30,-0.02,0.90,0.97,0.69
The Institute for Quantum Computing at Baidu Research aims at building full-stack quantum software and hardware solutions and focuses on the breakthrough in fundamental Quantum research,24,0.11,0.85,0.93,0.61
The topological model for quantum computation is an inherently fault-tolerant       model built on anyons in topological phases of matter,34,0.09,0.84,0.91,0.75
A recent study developed a novel photocatalytic quantum,30,-0.02,0.90,0.95,0.78
"On quantum computing, he added, “Quantum computing is still in its early stages of development, but it has the potential to revolutionize digital transformation",8,0.08,0.92,0.90,0.97
Quantum computers could be used to solve complex problems that are currently beyond the capabilities of traditional computers,28,0.01,0.88,0.92,0.91
quantum blockchains are still in their early stages and have not yet been implemented into mainstream use,8,0.08,0.92,0.92,0.93
Baidu has also developed the design of a 36-qubit superconducting quantum chip recently,30,-0.02,0.90,0.97,0.69
there are more curious scientists and engineers who have chosen this field because they want to build quantum computers,8,0.08,0.92,0.94,0.72
"China, US and the EU have initiated projects in quantum computing, but current real-world applications are still very basic and limited to a small group of people",28,0.01,0.88,0.91,0.92
you advance into Quantum computing,31,0.01,0.78,0.92,0.73
"Building an impactful quantum computer is a monumental task on all fronts,"" said Trout,",19,-0.00,0.86,0.91,0.88
Quantum computers may use quantum bits or qubits rather than traditional bits to store information,35,0.14,0.84,0.91,0.78
UCLA-led team develops new approach for building quantum computers,30,-0.02,0.90,0.94,0.78
"The supercomputer, named Qian Shi, offers a quantum computing service to the public with 10 quantum bits (qubits) of power",20,0.03,0.73,0.92,0.75
A quantum Turing machine is a theoretical model,28,0.01,0.88,0.93,0.76
The grant will provide a boost to QS’ work developing and commercializing its INFIQ quantum,21,0.02,0.87,0.91,0.84
Microwave-optics entanglement is a vital component for building hybrid quantum networks,28,0.01,0.88,0.93,0.80
QCI has developed a room-temperatureEntropy Quantum System (EQC) for solving real world business problems,39,0.05,0.85,0.96,0.54
The division is developing quantum hardware as well as software that can run on quantum chips,39,0.05,0.85,0.96,0.57
"Google has stated that its goal is to build a “useful, error-corrected” quantum computer",26,0.16,0.94,0.99,0.68
quantum        IQM teams to develop application-specific quantum processors,39,0.05,0.85,0.95,0.63
the company announced its first superconducting quantum computer,36,0.08,0.83,0.91,0.58
"Within Reach       Baidu, Inc. (""Baidu"" or the ""Company""), a leading AI company with strong Internet foundation, today announced its first superconducting quantum computer that fully integrates hardware, software, and applications",36,0.08,0.83,0.91,0.60
Quantum computing is advancing,11,0.12,0.95,0.98,0.51
"Baidu announced its first superconducting quantum computer that fully integrates hardware, software, and applications",36,0.08,0.83,0.92,0.63
The Beijing-based company has also developed a 36-qubit quantum system,30,-0.02,0.90,0.95,0.78
"ColdQuanta develops quantum devices and quantum information platforms based on cold-atom technology,",39,0.05,0.85,0.93,0.78
they are working on quantum computing,31,0.01,0.78,0.92,0.73
"Furthermore, an implementation in Qiskit will be provided",21,0.02,0.87,0.92,0.71
QpiAI is the first Indian quantum computing company to develop a full-stack quantum computer with integrated quantum and AI solutions,8,0.08,0.92,0.96,0.64
"Dots and Microsphere market size, estimations, and forecasts are provided in terms of",21,0.02,0.87,0.93,0.61
It has partnered with Riken to build a 64-qubit superconducting machine,26,0.16,0.94,0.96,0.68
"I think there are multiple valid ways to build a quantum computer,” Farina said",19,-0.00,0.86,0.94,0.76
"Shor’s algorithm can be used to factorize large numbers, which is an important process for secure communications",12,0.02,0.87,0.91,0.78
Microsoft are trying to build a quantum computer that has ‘quantum supremacy,29,0.07,0.85,0.94,0.69
"They've developed early-stage quantum computers, and we're working with them",35,0.14,0.84,0.91,0.60
The first nation to develop a cryptanalytic ally relevant quantum computer (CRQC) will be capable,8,0.08,0.92,0.92,0.86
Fujitsu says it will be the first Japanese company to build a quantum computer,8,0.08,0.92,0.92,0.98
"To accelerate the adoption of quantum technologies, Indian IT companies are actively partnering with startups, companies and technical institutions to provide the know-how in quantum physics, setting up labs, and nurturing talent to build quantum applications",32,-0.01,0.83,0.93,0.84
The company partnered with AWS in September last year to develop quantum computing capabilities and use cases,30,-0.02,0.90,0.94,0.72
"Nikhil Malhotra, head of Makers Lab at Tech Mahindra, said that quantum computing is at a very nascent stage",19,-0.00,0.86,0.93,0.77
Experts worldwide are attempting to incorporate findings from basic research into quantum technologies,28,0.01,0.88,0.90,0.99
"Earlier this year, IonQ also launched its 32-qubit quantum computer",35,0.14,0.84,0.91,0.60
"Error correction is necessary because it will allow us to build large, fault-tolerant quantum computers scalable to hundreds",8,0.08,0.92,0.92,0.71
qubits can be used in a state,35,0.14,0.84,0.92,0.59
One of the most sought-after applications of quantum computing is the simulation of physical processes,28,0.01,0.88,0.91,0.93
A basic measure of QC capability is the number of quantum bits,28,0.01,0.88,0.91,0.85
to leverage the benefits of the future quantum speedup Implement quantum computing concepts through real-world optimization use cases Book Description Amazon Braket,27,0.05,0.87,0.93,0.78
"Improvements in quantum hardware, algorithms, and techniques provide significant speed-up over conventional technology models",22,0.03,0.79,0.91,0.80
Everything we’ve understood about quantum computers was that a single qubit can have a state,19,-0.00,0.86,0.90,0.94
Such entanglement is the fundamental resource to build a quantum network and quantum repeaters,27,0.05,0.87,0.94,0.80
photonic circuits are key components for photonic quantum technologies and for the implementation of chip-based quantum devices,34,0.09,0.84,0.93,0.92
A quantum circuit is a quantum computing model using quantum gates,28,0.01,0.88,0.97,0.67
there is an opportunity to evolve more qubits,2,0.01,0.91,0.94,0.88
There are many ways to realize quantum computing at present,2,0.01,0.91,0.91,0.92
"Nvidia is also developing quantum computing now, but it uses quantum simulation or GPU computing",39,0.05,0.85,0.92,0.77
"Just like quantum computing, even if it sounds obscure, it is essentially just an effective computing power tool",28,0.01,0.88,0.94,0.96
"The company harnesses quantum mechanics to build and integrate quantum computers, software, sensors, and networks",29,0.07,0.85,0.91,0.80
Such entanglement is the fundamental resource to build quantum network and quantum repeaters,27,0.05,0.87,0.94,0.80
Chou will help support IonQ’s work to build the world’s best quantum computers,29,0.07,0.85,0.91,0.84
A recent contribution to the area of research focused on the establishment of a quantum internet,24,0.11,0.85,0.92,0.65
"Multiverse Computing, which delivers quantum computing solutions, and Ikerlan, a technology transfer centre in Spain, developed a quantum-enhanced kernel method for classification on universal gate-based quantum computers,",39,0.05,0.85,0.94,0.90
Quantum computers are now much faster than conventional computers and large brands of computers are now making significant advances in quantum computing,34,0.09,0.84,0.90,0.92
"On the other front, recently, there has been extensive technological developments in building the so-called quantum computers",2,0.01,0.91,0.91,0.91
it is that America develop viable quantum systems before its adversaries,8,0.08,0.92,0.94,0.88
"also announced a Quantum Simulator (QSim), with which it aims to aid research in quantum computing",36,0.08,0.83,0.94,0.47
The company is also developing a quantum gate system,30,-0.02,0.90,0.98,0.67
a superconducting resonator provides a mechanism to enable long-distance entangling operations in a quantum computer based on spins in semiconducting materials,3,0.01,0.84,0.91,0.94
"Although a S−T0 qubit was used here, it is possible to use any spin qubit provided it",8,0.08,0.92,0.90,0.95
The broad and long-term aim is to develop Europe’s Quantum Internet,30,-0.02,0.90,0.95,0.71
"Last year, I had the privilege to be part of a group that developed governance principle on quantum computing",27,0.05,0.87,0.93,0.90
"Archer is developing the CQ chip, a world-first qubit processor technology, that could potentially allow for quantum computing",3,0.01,0.84,0.91,0.88
company to develop qubit processor technology,30,-0.02,0.90,0.97,0.71
A network of active companies that want to build or use quantum computers is to be created at the university,29,0.07,0.85,0.90,0.79
"In recent years, there has been a substantial amount of research on quantum computers",2,0.01,0.91,0.94,0.77
D-Wave announced plans to further develop its gate-based quantum computing technology,36,0.08,0.83,0.91,0.90
"we are developing a fully digital quantum computing platform for businesses,",30,-0.02,0.90,0.97,0.73
There are several ways to build a quantum computer,8,0.08,0.92,0.97,0.80
These ideas were still inherently limited and so came the concept of Quantum Computation,2,0.01,0.91,0.91,0.84
One remaining challenge is the quantum error correction cycle,11,0.12,0.95,0.91,0.78
Stutz says this research is a significant milestone on the long road to fault-tolerant quantum computing,19,-0.00,0.86,0.90,0.71
"quantum computers are to be developed, built and operated",39,0.05,0.85,0.91,0.78
His research is in the areas of parallel computer architecture and quantum computing,2,0.01,0.91,0.97,0.65
Singapore aims to improve its quantum computing capabilities through new initiatives,32,-0.01,0.83,0.92,0.88
to actually build a real quantum computer was beginning at the company,26,0.16,0.94,0.99,0.58
it is critical to understand the basis for potential exponential quantum advantage in quantum chemistry,12,0.02,0.87,0.91,0.97
D-Wave and Mastercard (NYSE: MA) just announced a strategic alliance designed to help advance the adoption of quantum computing solutions in the sector,36,0.08,0.83,0.90,0.59
"the Defense Advanced Research Projects Agency, DARPA, to develop benchmarks for quantum application performance on large-scale quantum computers",39,0.05,0.85,0.96,0.55
Los Alamos National Laboratory (LANL) also built a quantum network using an approach,26,0.16,0.94,0.97,0.62
Realizing quantum computing (QC) will be important for use cases in banking,2,0.01,0.91,0.92,0.89
"Mphasis, on its part, has developed a EON (Energy Optimized Network) quantum computing framework, which is patent-pending right now",8,0.08,0.92,0.95,0.78
that most of the Chinese work is on superconducting qubits,2,0.01,0.91,0.93,0.77
there are any applications of quantum computers yet,2,0.01,0.91,0.91,0.85
Research and education are imperative now in the development of disruptive quantum technologies,2,0.01,0.91,0.95,0.76
"The expansion is the result of a joint venture with QTD Systems, which acquired the facility from Equinix and plans to use part of the space to develop quantum computing technology",8,0.08,0.92,0.90,0.86
"Against this background, GrodiaQ is a great opportunity to establish Germany as a leading location in the research, development and production of advanced diamond-based quantum technologies",27,0.05,0.87,0.90,0.81
"Now, in a new study, researchers have developed a quantum computer based on quantum digits or ""qudits"" that each",10,0.06,0.79,0.91,0.74
"The company, which is co-located in Cambridge and Gothenburg, Sweden, is developing scalable quantum computers",39,0.05,0.85,0.90,0.70
"more or less, I started working on quantum computing",31,0.01,0.78,0.92,0.73
A quantum computer has been built by an Innsbruck researcher that is reported to be more powerful and capable of handling more states,8,0.08,0.92,0.95,0.75
Australian researchers to build apps for Google quantum computer,29,0.07,0.85,0.94,0.58
the most promising short-term applications of quantum computers are under the umbrella of quantum simulation,28,0.01,0.88,0.90,0.90
Software for quantum computing is still in its infancy,28,0.01,0.88,0.91,0.81
The four universities have pledged to develop industrial applications for Google’s US-based quantum computer which is currently under construction,8,0.08,0.92,0.92,0.94
we decided to build our own Q&A community into the platform,26,0.16,0.94,0.98,0.64
"We believe fault-tolerant quantum hardware is the key to making significant progress in quantum computing,” says co-founder and CEO Bharath Kannan, Ph",19,-0.00,0.86,0.90,0.88
This latest project is strategically important in that it will address the pressing need to develop a quantum internet which can provide true quantum connectivity between computers over distances that will enable a wide range of distributed computing and sensing applications,22,0.03,0.79,0.91,0.95
"you wanted to build a quantum computer with 1,000 bits and could control them",26,0.16,0.94,0.95,0.71
the number of qubits is limited to two digits (except for IBM’s exploratory 127-qubit Eagle system.)       Quantum Annealing,35,0.14,0.84,0.92,0.59
"a task appears to be, in a quantum world",11,0.12,0.95,0.98,0.55
until sufficiently powerful quantum systems are available to decrypt it,28,0.01,0.88,0.94,0.94
"Quantum information science has given us this whole new way to think about quantum mechanics itself,"" says Smith",18,0.02,0.85,0.92,0.69
of performing a quantum computation on a quantum system is provided,21,0.02,0.87,0.96,0.56
attracting the people who are skilled in using the tools and knowledge that support advances in quantum information science,8,0.08,0.92,0.90,0.89
There have been recent developments in quantum,11,0.12,0.95,0.98,0.55
"In this work, we set out to demonstrate that quantum computing methods could be better at simulating the properties of materials used in the best displays",28,0.01,0.88,0.92,0.88
"of combining massive parallel information processing in neural networks with quantum advantages like computational speedup, there have been various efforts to develop quantum neural networks",27,0.05,0.87,0.91,0.88
These are promising systems to build future quantum technologies,8,0.08,0.92,0.92,0.83
when fault-tolerant quantum computing (FTQC) becomes available,2,0.01,0.91,0.90,0.84
This will only worsen with advances in AI and quantum computing,31,0.01,0.78,0.92,0.73
you wanted to build a quantum computer with 1000 bits and you could control all of them,26,0.16,0.94,0.95,0.71
"Tech Mahindra Global Head for Makers Lab, Nikhil Malhotra said quantum computing is at a very nascent stage",19,-0.00,0.86,0.91,0.77
As of now Quantum Computers provides as a service as other cloud computing platforms,21,0.02,0.87,0.92,0.74
to solve real-world problems is as challenging as building the quantum computers,28,0.01,0.88,0.90,0.94
Quantum computing is still in its early stages,11,0.12,0.95,0.98,0.51
Quantum Machines partners with ORCA to build Israeli Quantum Computing Centre,26,0.16,0.94,0.97,0.62
"research and development of new technologies such as ""quantum cryptography"" and film-type solar cells, which are theoretically absolutely unbreakable, will be carried out",27,0.05,0.87,0.91,0.92
"quantum computers were still in their embryonic state, the NSA explained",2,0.01,0.91,0.93,0.81
"The Engine-led investment fuels company’s mission to build scalable, fault-tolerant superconducting quantum computing systems",29,0.07,0.85,0.94,0.67
"We believe fault-tolerant quantum hardware is the key to making significant progress in quantum computing,” said co-founder and CEO Bharath Kannan, PhD",19,-0.00,0.86,0.90,0.87
Atlantic Quantum believes that fault-tolerant quantum hardware is the key to making progress in quantum computing,19,-0.00,0.86,0.92,0.84
"They say the discovery could alter the way we think about matter, while also helping to build quantum computers that",17,0.01,0.75,0.91,0.94
other systems currently used in quantum computers,35,0.14,0.84,0.91,0.60
Wells Fargo started its venture into quantum computing by signing an agreement with IBM,31,0.01,0.78,0.92,0.73
"for quite some time, Quantum Computers are still in development",33,-0.10,0.82,0.94,0.91
Quantum computers are powered by qubits,35,0.14,0.84,0.99,0.35
Leading the quantum computing project is Quantum Machines,2,0.01,0.91,0.94,0.85
Embodiments of the present disclosure provide for passivated quantum dots,21,0.02,0.87,0.91,0.66
"and optimizing your quantum circuit for near-term quantum hardware,” said Google",18,0.02,0.85,0.92,0.60
material characterization tool for targeting the reproducibility challenge that is crucial for realizing spin-based quantum computers,2,0.01,0.91,0.93,0.85
"There is a lot of research into improving the quality of qubits and gates, the software algorithms that take advantage of unique quantum properties, and methods to create larger-scale quantum computers",8,0.08,0.92,0.91,0.88
"To build your quantum program, you can use Cirq",29,0.07,0.85,0.94,0.66
efforts to build a practical quantum computer,26,0.16,0.94,0.99,0.51
the Israel Innovation Authority (IIA) to lead the establishment of the Israel Quantum Computing Center,31,0.01,0.78,0.91,0.85
the IQubitNet project aims to develop quantum repeater devices that,30,-0.02,0.90,0.97,0.67
"its collaborative achievement""China has built an integrated space-to-ground quantum communication network",29,0.07,0.85,0.90,0.91
The center will be a first-of-its-kind hub for developing three distinct quantum technologies,28,0.01,0.88,0.90,0.87
Israel's first fully functioning quantum computer that is available,2,0.01,0.91,0.92,0.92
"The platform will enable the use of a variety of qubit technologies, while a component-based approach will allow for parts of the system to be upgraded to future quantum technologies",3,0.01,0.84,0.91,0.87
"The center will provide R&D services to the entire Israeli innovation ecosystem, for developments such as designated quantum processors for various algorithms,",21,0.02,0.87,0.92,0.68
We are quite familiar with the quantum world as we are developing technology like quantum computers,8,0.08,0.92,0.91,0.92
"Today, a handful of quantum computing systems are available for use by researchers and developers via a cloud network",28,0.01,0.88,0.93,0.90
"D-Wave Systems, which is merging with DPCM Capital, Inc., is the leader in the development and delivery of quantum computing systems, software, and services",28,0.01,0.88,0.91,0.86
as improving qubits so they can be used,35,0.14,0.84,0.92,0.59
by U.S. science agencies to develop new quantum technologies and make new discoveries,8,0.08,0.92,0.91,0.98
The project aims to provide a standardised chain of electronic instruments and expand quantum research,22,0.03,0.79,0.90,0.66
Its purpose isn’t to be the most powerful quantum computer in the world,2,0.01,0.91,0.92,0.76
it’s also important to recognize that quantum technology is far from a single entity,28,0.01,0.88,0.92,0.89
"They are ideal for the construction of scalable, distributed quantum computers",2,0.01,0.91,0.92,0.84
"While most quantum computing projects are still in the developmental stages, it is much better",2,0.01,0.91,0.94,0.79
Quantum computing on-premises and technological advancements in quantum computing are forecast to provide opportunities for the global enterprise quantum computing market growth,27,0.05,0.87,0.91,0.99
quantum computing as algorithms are developed and discovered,30,-0.02,0.90,0.94,0.72
While previous attempts to build a secure quantum computer network have been limited to just two machines,26,0.16,0.94,0.99,0.68
"Google is on its way to building its own quantum computer, with IM qubit capacity",8,0.08,0.92,0.94,0.89
we want quantum computing,31,0.01,0.78,0.92,0.73
We are building quantum processors out of the neutral atom technology,29,0.07,0.85,0.94,0.54
"Kristel Michielsen, who manages the Jülich near Cologne, Germany, said in a blog posted by Nvidia, “This helps bring quantum computing closer to the HPC and AI communities",1,-0.06,0.79,0.91,0.82
Quantum Brilliance is a venture-backed quantum products and solutions company developing diamond quantum computers supported by software and applications,11,0.12,0.95,0.91,0.83
The goal of Quantum Brilliance is to enable mass deployment of our quantum technology to propel industries to harness edge computing applications and next-generation supercomputers,32,-0.01,0.83,0.91,0.79
"Zapata Computing, Inc. builds quantum-ready applications® for enterprise on Orquestra®,",29,0.07,0.85,0.92,0.63
that allow the exploration of light-matter interaction at the fundamental level and realizing innovative applications in quantum information technology,6,0.00,0.73,0.91,0.84
"based in Paris, they provide a quantum computing software platform to manage and optimize access to quantum computing",21,0.02,0.87,0.91,0.70
The present application provides a secure relay-based quantum communication method and communication network,21,0.02,0.87,0.91,0.72
"The present disclosure provides a semiconductor quantum chip,",21,0.02,0.87,0.93,0.83
"With this, we’re looking to scale our vision to provide high performing quantum technology for next-generation telecoms and datacomms",21,0.02,0.87,0.92,0.65
Toshiba partnered with Safe Quantum to develop new quantum key distribution and quantum communications technologies,39,0.05,0.85,0.93,0.70
"against certain problem sets, quantum computers enable entirely new capabilities",3,0.01,0.84,0.92,0.64
Scientists here on Earth are already hard at work trying to develop a a quantum internet network,8,0.08,0.92,0.91,0.95
One of the most important applications of quantum computing is simulation,12,0.02,0.87,0.95,0.78
"IBM Quantum is the industry-first initiative to develop universal quantum computers for business, engineering, and science",28,0.01,0.88,0.93,0.99
The team says this is an important step on the way to realizing a practical quantum internet,19,-0.00,0.86,0.92,0.87
Qubits       Quantum computers work on qubits,35,0.14,0.84,0.92,0.59
Takeaway       Quantum computing is still in its infancy stage,11,0.12,0.95,0.93,0.81
"photonics articles        “QuiX Quantum’s processors are already world leading and ideally suited to create the most powerful photonic quantum computer we have yet seen,” said Hengesbach",19,-0.00,0.86,0.94,0.84
"In this report, we chronicle how the quantum internet will be born and how revenues will be",2,0.01,0.91,0.90,0.97
"With more than $135M in funding, the Toronto-based company’s platform (“The first Photonic Quantum Computer on the Cloud”) leverages advanced artificial intelligence to integrate quantum silicon photonic chips into existing hardware to create a full-stack quantum computer",39,0.05,0.85,0.90,0.98
"with advancing quantum computers, the team says this unusual group behavior could unlock new ways to study physics and other quantum phenomena that may not have been observed before",17,0.01,0.75,0.91,0.80
the work developed around the concept of oblivious transfer within theoretical quantum cryptography,30,-0.02,0.90,0.98,0.69
"to these powerful systems, software companies are developing ready-to-run quantum software that eliminates the need for complex quantum programming and enables subject matter experts with no quantum expertise to solve real-world business problems",3,0.01,0.84,0.91,0.89
Building a useful quantum computer is very complex,11,0.12,0.95,0.99,0.48
I’ve been working on quantum computing for 15 years,31,0.01,0.78,0.92,0.73
Oxford Ionics has developed a unique electronic qubit control (EQC) technology which will enable processors with hundreds of qubits within the next five years,3,0.01,0.84,0.91,0.86
"Oxford Ionics is the high-performance quantum computing company, delivering world-leading innovations to create the most powerful, accurate and reliable quantum computers",8,0.08,0.92,0.91,0.83
ORCA Computing develops photonic quantum computing systems and software,39,0.05,0.85,0.91,0.76
memQ is a USA-based company building technology to enable the quantum internet,8,0.08,0.92,0.92,0.88
commitments to developing quantum computing,30,-0.02,0.90,0.94,0.72
"Since the launch of the first commercially available quantum computer in the UK, we have continued to be very",11,0.12,0.95,0.99,0.71
"We are developing the ""Quantum Computing User Network"" (QuCUN), i.e.",30,-0.02,0.90,0.98,0.72
"on developing business and industry in the U.K.       “Since launching the UK’s first commercially-available quantum computer, we have continued to be highly",11,0.12,0.95,0.99,0.71
"June 30, 2022       planqc in Germany has raised €4.6m to develop a highly scalable room temperature  quantum computer",30,-0.02,0.90,0.94,0.78
SQC is Australias world leading Quantum company developing a silicon-based quantum computer,2,0.01,0.91,0.96,0.78
"Murray Thom       D-Wave Systems Inc., is the only company in the world to build both quantum annealing and gate-based quantum computers",8,0.08,0.92,0.97,0.76
Your users might be surprised to hear this but quantum computing in the cloud is stable right now,2,0.01,0.91,0.91,0.99
Japan's technology ecosystem is actively advancing quantum computing,31,0.01,0.78,0.91,0.85
D-Wave Systems Inc. is the only company in the world to build both quantum gates and quantum,8,0.08,0.92,0.98,0.49
the U.S. hatches plan to build a quantum Internet that might be unhackable,8,0.08,0.92,0.93,0.83
Silex has partnered with SQC with an aim to build a silicon quantum computer in the future,26,0.16,0.94,0.99,0.68
Planqc will use the funds to build scalable quantum computers,26,0.16,0.94,0.99,0.54
Guiding single phonons is a crucial step towards realizing hybrid quantum devices and transfer quantum information over heterogeneous networks,34,0.09,0.84,0.91,0.77
"the “second quantum revolution,” where they are now exploiting quantum concepts to develop opportunities like quantum computers",39,0.05,0.85,0.92,0.82
planqc in Germany has raised €4.6m to develop a highly scalable room temperature  quantum computer,30,-0.02,0.90,0.94,0.78
"working with particles at the smallest scales, physicists are essential to developing quantum information science",28,0.01,0.88,0.90,0.97
This is the first of its kind to pass verification tests and will offer potential for applications such as quantum computers and aerospace,28,0.01,0.88,0.91,0.90
UTokyo has been in the forefront to implement quantum computing and other quantum technology applications in society,27,0.05,0.87,0.92,0.74
The report provides Quantum Communication Device market revenues,7,0.74,0.97,1.00,0.13
"As an optimization, it is therefore important to add a mechanism to discard qubits that",8,0.08,0.92,0.91,0.93
"Space applications of quantum technology are a fast-growing domain, with patent filings increasing by more than 400% over the last five years",28,0.01,0.88,0.93,0.86
"Founded in April 2022 by Alexander Glätzle, Sebastian Blatt, Johannes Zeiher, Lukas Reichsöllner, Ann-Kristin Achleitner, and Markus Wagner, planqc is building quantum computers that store information in individual atoms –",29,0.07,0.85,0.95,0.51
China is found to be increasing its capabilities in quantum radar systems,2,0.01,0.91,0.95,0.71
Another moonshot project that is making good headway is Quantum computing,28,0.01,0.88,0.90,0.99
of building a quantum computer falls over the next ten years,35,0.14,0.84,0.91,0.60
They have created an integrated quantum processor that is able to simulate materials at the atomic level,8,0.08,0.92,0.93,0.78
it is possible to implement a high-coherence high-anharmonicity superconducting qubit design,2,0.01,0.91,0.92,0.96
it was always part of SQC’s plan to build a quantum simulator while also working on a quantum computer,19,-0.00,0.86,0.90,0.84
"the AWS Centre for Quantum Networking (CQN), which will research quantum networks and the quantum internet",36,0.08,0.83,0.91,0.56
Implementing quantum error correction protocols is one of the most fundamental and difficult challenges in building a scalable and reliable quantum computer,12,0.02,0.87,0.92,0.73
Riverlane’s mission is to make quantum computing useful far sooner,5,0.30,0.83,1.00,0.14
"Another application, quantum sensing, is available today",11,0.12,0.95,0.99,0.47
the first drug discovery platform built on a quantum computer,26,0.16,0.94,0.95,0.71
"Efforts are under way to develop the world’s first operational quantum computers, which will mark a literal quantum leap forward in technology",8,0.08,0.92,0.92,0.83
IBM states that it will be possible to build a quantum computer with 50-100 qubits in the next ten years,29,0.07,0.85,0.90,0.73
a technical development program to build a silicon quantum computer,26,0.16,0.94,0.95,0.61
This is the first of its kind to pass verification tests and will offer enormous potential for applications such as quantum computers and aerospace,28,0.01,0.88,0.91,0.90
"Like quantum computers, quantum networks are still at an early stage of development",28,0.01,0.88,0.93,0.83
"today, the new laboratory with the so-called quantum communication infrastructure is available to experts from the Faculty of Electrical Engineering and Communication of the Brno University of Technology",11,0.12,0.95,0.94,0.74
The achievement is a major milestone in the race to build the world’s first quantum computer,8,0.08,0.92,0.90,0.91
IBM will use chip-to-chip couplers to build even larger quantum systems,26,0.16,0.94,0.97,0.62
"IBM plans to be using all three of these scalability techniques by 2025 to build a 4,000+ qubit processor based on multiple clusters",8,0.08,0.92,0.95,0.79
"While building systems with more qubits is important for extending the capabilities of quantum computing, the quality of these qubits is also essential to building practical quantum computers",8,0.08,0.92,0.92,0.93
Beam-splitter operations are an indispensable resource for processing quantum information,28,0.01,0.88,0.94,0.82
The Series A funding will allow the startup to continue developing its technology and to build a 100 qubit quantum device by 2028,30,-0.02,0.90,0.91,0.92
"In this respect, diamonds and nanodiamonds are among the most promising materials to develop quantum devices",27,0.05,0.87,0.91,0.92
Research provides building blocks for future quantum computing technology,21,0.02,0.87,0.94,0.65
Its ultimate goal is to build a commercial scale quantum computer,26,0.16,0.94,0.92,0.83
"such as China, Singapore, and India were amongst those that had begun work to build up capabilities in quantum computing",2,0.01,0.91,0.95,0.72
"On one hand, quantum computers are a threat because nowadays",2,0.01,0.91,0.91,0.85
"once quantum computers with a certain processing capacity are available, they will be able to break these cryptosystems",28,0.01,0.88,0.91,0.82
"with enabling certain capabilities of quantum networks, there are some hurdles",28,0.01,0.88,0.94,0.82
Rigetti UK Limited announced the launch of its 32-qubit Aspen-series quantum computer in the UK,36,0.08,0.83,0.91,0.58
We deploy advanced theoretical and mathematical techniques to develop quantum computing applications that significantly,39,0.05,0.85,0.91,0.92
"Riverlane       Riverlane’s mission is to make quantum computing useful far sooner than previously imaginable, starting an era of human progress as significant as the industrial and digital revolutions",5,0.30,0.83,1.00,0.03
"Today, quantum computing systems are still in early development",11,0.12,0.95,0.98,0.51
"In the simplest terms, quantum cloud computing enables quantum computing resources to be available over the cloud",27,0.05,0.87,0.93,0.87
"While technology giants are developing their quantum systems, they may collaborate with seasoned startups",39,0.05,0.85,0.91,0.85
Azure Cloud supports quantum computers developed by Microsoft’s partners,35,0.14,0.84,0.91,0.60
Microsoft has also developed its quantum system,30,-0.02,0.90,0.95,0.78
"Specifically, it will develop an alternative to today's qubits",39,0.05,0.85,0.90,0.76
It will build a 'fault-tolerant' qubit device on Silicon substrate that is immune,8,0.08,0.92,0.96,0.79
full-scale implementation of quantum technologies in Russia and throughout the world is possible,2,0.01,0.91,0.95,0.80
"With the largest quantum hardware team amongst quantum computing companies in Europe and with EU backing, the company is well positioned to build the most advanced quantum computer in the world",26,0.16,0.94,0.96,0.58
This study presents a clock synchronization method based on quantum entanglement which is simple and reliable and more efficient,12,0.02,0.87,0.91,0.99
", while in quantum computing, each ""qubit"" can be in more than a single place at the same time, giving way",33,-0.10,0.82,0.90,0.98
The facility is dedicated to researching and developing quantum computing in the U.K. and around the world,31,0.01,0.78,0.92,0.73
is crucial for the success of the project as it addresses the need of science-to-technology transition needed for developing useful quantum computation,12,0.02,0.87,0.90,0.97
The companies adopting quantum computing are generally larger,11,0.12,0.95,0.98,0.51
The University of Ottawa partners with a Toronto-based company to develop and commercialize powerful quantum computing technology,30,-0.02,0.90,0.98,0.72
Working on quantum-based solutions is something,2,0.01,0.91,0.91,0.88
"building a quantum computer, is like other Silicon Valley technologies that",2,0.01,0.91,0.94,0.79
The present disclosure provides a quantum dot and a manufacturing method,21,0.02,0.87,0.91,0.75
IBM helped Germany become the first European country to develop a quantum computer and plans to build quantum systems in Canada and South Korea by 2023,29,0.07,0.85,0.91,0.93
The company is developing the first digital quantum computing platform for global businesses that,30,-0.02,0.90,0.98,0.72
Realizing the potential of near-term quantum computers to solve industry-relevant constrained- optimization problems is a promising path to quantum advantage,2,0.01,0.91,0.92,0.93
"Huawei Technologies Co. Ltd has filed a patent for quantum computing, which is the next revolutionary step in the technology",28,0.01,0.88,0.90,1.00
There is also cutting-edge research in quantum technologies that may lead to more new ways of charging EVs quickly,28,0.01,0.88,0.91,0.84
"Google, one of the field’s leaders, wants to build a commercial quantum computer by 2029",26,0.16,0.94,0.98,0.58
The ORCA platform is the first to include a ‘quantum memory’ allowing quantum computers based on single photons (units of light) to become scalable,34,0.09,0.84,0.92,0.89
They are building a larger second-generation quantum computing system that can run commercial use-cases,26,0.16,0.94,0.96,0.58
These capabilities are necessary to create quantum networks and to improve quantum sensing,8,0.08,0.92,0.94,0.71
"Founded in 2019, Pasqal says its 'neutral atom-based quantum technology",18,0.02,0.85,0.91,0.78
Current advances in photonic quantum technologies provide the fundamental tools for generating and manipulating photons within a chip,22,0.03,0.79,0.92,0.70
"IBM Quantum is an industry-first initiative to build universal quantum computers for business, engineering and science",28,0.01,0.88,0.91,0.95
Building a quantum secure communication network is an urgent matter,28,0.01,0.88,0.93,0.81
We designed OpenQASM as the intermediate representation language for this developer and this developer will build primitive Qiskit Runtime programs for the developer at the next layer,26,0.16,0.94,0.95,0.76
"Bringing Post-Quantum Cryptography to Large-Scale NextG Systems,” is a collaboration with Florida Atlantic University and its principal investigator Reza Azarderakhsh",2,0.01,0.91,0.94,0.80
The space will also provide the infrastructure to build and operate quantum computers,21,0.02,0.87,0.92,0.91
Advancing quantum technologies is a key objective of the Alberta Technology and Innovation Strategy and Alberta at Work initiative,27,0.05,0.87,0.93,0.92
"The new device, named Borealis, is the first quantum computer from a startup to display such ""quantum advantage"" over regular computers",34,0.09,0.84,0.91,0.88
Orca Computing’s aim is to develop scalable quantum computers,30,-0.02,0.90,0.97,0.67
the MoD has ‘begun’ to develop a quantum computer,30,-0.02,0.90,0.94,0.78
"for realising quantum technologies, such as integrated quantum photonics, have become key enabling technologies that are driving radical changes in all areas of quantum technology",32,-0.01,0.83,0.90,0.83
Quantum computing is currently in development with many countries investing in the technology to gain first-mover advantage,2,0.01,0.91,0.94,0.82
Murray says that the project is the MoD’s first significant step into quantum computing,19,-0.00,0.86,0.93,0.80
"As of 2019, IonQ performed the first simulation of a water molecule on a quantum device, marking as evidence that computing is able to approach accurate",34,0.09,0.84,0.90,0.80
"Foundry, which will develop the components needed to build quantum computers and devices",29,0.07,0.85,0.93,0.92
"Google and IBM are developing superconducting qubit systems, while PsiQuantum is focused on building a quantum computing factory with a 1-million qubit system",39,0.05,0.85,0.91,0.94
Ongoing efforts to build quantum computers are important,8,0.08,0.92,0.97,0.80
the basic physical requirements to build a quantum computer,29,0.07,0.85,0.95,0.55
our ability to build and control these quantum systems,26,0.16,0.94,0.97,0.62
These conferences will provide experts with an opportunity to delve into fundamental quantum-technology research,21,0.02,0.87,0.90,0.80
"In a pioneering milestone, the Pawsey Supercomputing Research Centre we operate in Perth is now home to the first room-temperature quantum computer in a supercomputing facility, anywhere in the world",27,0.05,0.87,0.92,0.90
we build sufficiently capable quantum computing systems,26,0.16,0.94,0.99,0.68
"Long coherence times are essential, but many other ingredients are needed to build an intermediate scalable error-mitigated quantum computer",8,0.08,0.92,0.97,0.80
the idea is to eventually build a quantum internet,26,0.16,0.94,0.97,0.56
Singapore aims to boost its capabilities in quantum computing,31,0.01,0.78,0.92,0.73
Cellframe builds Post-Quantum Blockchain,29,0.07,0.85,0.92,0.64
Many companies are currently building their own quantum computer systems,26,0.16,0.94,0.98,0.58
How government is helping in growth by rising investments in quantum computing technology?,31,0.01,0.78,0.92,0.73
"participating institution to develop capabilities across quantum computing, communications, and devices",39,0.05,0.85,0.91,0.87
"He added, “The NQCH goals, as a collective effort of CQT, IHPC and NSCC, are to provide the infrastructure for a production quantum computer",21,0.02,0.87,0.91,0.68
Microsoft Quantum is on a promising path towards fault-tolerant quantum computing and plays a very important role in developing quantum technologies,19,-0.00,0.86,0.93,0.70
entanglement to build and extend a quantum network,29,0.07,0.85,0.92,0.73
"Singapore will soon build its own quantum computer, joining a handful of nations in doing so",26,0.16,0.94,0.98,0.58
"there are two major inhibitors to rapid, wide-scale adoption of quantum technology",28,0.01,0.88,0.92,0.80
"The long-term plan is for the EuroQCI to become the basis of a quantum internet in Europe, connecting quantum computers, simulators and sensors via quantum networks to distribute information and resources with a state of the art security method",34,0.09,0.84,0.91,0.82
Singapore is aiming to boost its capabilities in quantum computing with new initiatives to develop relevant skillsets and quantum devices,39,0.05,0.85,0.94,0.74
Building a quantum internet is therefore of the utmost importance,2,0.01,0.91,0.92,0.80
"The NQCH goals, as a collective effort of CQT, IHPC and NSCC, are to provide the infrastructure for a production quantum computer",21,0.02,0.87,0.91,0.73
"Quantum computing in its early forms already is available through the cloud, from companies such as Alibaba, D-Wave Systems,",11,0.12,0.95,0.98,0.51
Scientists now hope this is a first step towards building a larger quantum network,2,0.01,0.91,0.93,0.76
The present disclosure provides a quantum dot material comprising a quantum dot body and a hole transport ligand bonded to the quantum,21,0.02,0.87,0.92,0.81
"The resulting deeper understanding would be helpful in furthering theoretical advances in quantum information theory, for instance",2,0.01,0.91,0.95,0.76
D- Wave Systems is one of the global leaders manufacturing and providing quantum computing systems and software,2,0.01,0.91,0.90,0.85
This shows Intel's intention to further develop its business in quantum computer manufacturing,30,-0.02,0.90,0.94,0.78
The key to the promotion and adoption of quantum computing is the ability,2,0.01,0.91,0.92,0.87
"This will enable quantum teleportation to be carried out on request, which is crucial if this technology is every going to become a useful reality",12,0.02,0.87,0.91,0.86
A frequency-multiplexed entangled photon pair and a high-dimensional hyperentangled photon pair are useful to realize a high-capacity quantum communication,19,-0.00,0.86,0.91,0.99
"Now, new research has developed the first functioning error-free quantum-computing system",30,-0.02,0.90,0.94,0.72
"that is influenced by multiple factors contributing to the overall performance of a quantum computer, including its number of qubits, systemic errors, device connectivity, and compiler efficiency",35,0.14,0.84,0.93,0.71
Sanket Deshpande is now a PhD student at the University of Wisconsin–Madison and develops hardware for quantum computing and networking,27,0.05,0.87,0.92,0.79
This initiative aims build the world’s first universal-scale quantum computing system this decade,26,0.16,0.94,0.96,0.58
"Because of this, experts hope that this achievement will be followed up by more breakthroughs, allowing them to build the quantum internet",29,0.07,0.85,0.90,0.71
"Her goal is to develop scalable, stable and noiseless quantum devices that can push technology past the classical era",39,0.05,0.85,0.94,0.87
the idea is eventually to build a quantum internet,26,0.16,0.94,0.97,0.56
"ORGANIZATION AND BUSINESS       Rigetti Holdings, Inc. and its subsidiaries (collectively, the ""Company"") build quantum computers and the superconducting quantum processors that power them",29,0.07,0.85,0.95,0.52
"you work with a company that helps you develop an algorithm that works on one quantum computer,",35,0.14,0.84,0.91,0.60
Lockheed Martin has been proud to support advanced practical quantum computing,31,0.01,0.78,0.92,0.73
"To achieve this goal, Q.ANT develops quantum sensors and quantum computing chips based on its Quantum Photonic Framework",39,0.05,0.85,0.91,0.80
Xanadu intends to use the funds to develop quantum computers,39,0.05,0.85,0.91,0.78
that quantum technologies that are being developed will be practically useful,12,0.02,0.87,0.93,0.96
Measuring these Bell states is critical to performing many of the protocols necessary to perform quantum communication and distribute entanglement across a quantum network,34,0.09,0.84,0.91,0.92
This so-called entanglement swapping is a critical capability for building complex quantum networks,12,0.02,0.87,0.94,0.77
One of the future's major challenges is the threat from quantum computers,2,0.01,0.91,0.93,0.83
Techniques regarding quantum computer error mitigation are provided,7,0.74,0.97,1.00,0.13
"You can trust the Quantum Ai app, which provides authentic and up-to-the-minute direct access to data-driven market research",21,0.02,0.87,0.90,0.80
"trading the shares of D-Wave Quantum Inc. on the NYSE, D-Wave’s ability to harness the power of quantum to solve critical problems for organizations and to bring real, practical commercial quantum computing solutions to market",1,-0.06,0.79,0.91,0.71
"Fidelity, which is a measure of a qubit's ability to perform error-free operations, is a key feature in the quest to develop practical and efficient quantum computing",27,0.05,0.87,0.90,0.98
"The quantum computers that are available through ORNL's IBM Q agreement have around 100 qubits, so we should be able to scale up to bigger system sizes",34,0.09,0.84,0.90,0.80
", where scientists are developing superconducting qubits with long lifetimes",34,0.09,0.84,0.91,0.97
paramagnetic resonance technology is very important to the research in the field of quantum computing,2,0.01,0.91,0.97,0.66
"To enable qubits with the speed and quality necessary for practical quantum computing, they will be orchestrated",3,0.01,0.84,0.90,0.73
there has been steady progress in building up the capabilities of quantum computers in the US and abroad,2,0.01,0.91,0.93,0.84
The report provides Universal Quantum Computer market revenues,7,0.74,0.97,1.00,0.13
scared—quantum science and quantum computing specifically is amazing and could make our individual and collective lives better in countless ways,2,0.01,0.91,0.90,1.00
"Current quantum technologies provide designing of various laser-like quantum devices, which produce photon3,",21,0.02,0.87,0.91,0.72
we have now developed a prototype of a quantum processor,30,-0.02,0.90,0.95,0.83
"Incidentally, we were the first to develop software for this quantum algorithm in the interests of the atomic industry",27,0.05,0.87,0.91,0.93
"Nevertheless, quantum technology is in the early stage and comes with the risks linked to leading-edge technology development,",2,0.01,0.91,0.90,0.91
its commitment to building ever more powerful quantum computers with an increasing number of algorithmic qubits,29,0.07,0.85,0.92,0.64
The basic idea behind a quantum computer is that it uses the concept of superposition to store information,28,0.01,0.88,0.91,0.84
implementing Shor’s algorithm are available,11,0.12,0.95,0.97,0.62
"We are excited to be pioneers in research on quantum computing, and to advance this field so that companies can harness the power of this emerging technology",27,0.05,0.87,0.91,0.87
"Finland’s visiting minister of Economic Affairs Mika Lintilä, who on Monday made a joint announcement with science and expertise minister Jitendra Singh on cooperation in quantum computing",27,0.05,0.87,0.91,0.78
"That means developing our own quantum computing technology, and protecting our key IT infrastructure from quantum attacks",39,0.05,0.85,0.94,0.64
"According to IBM, the goal is to build a million-qubit quantum system",26,0.16,0.94,0.97,0.62
"Building quantum computers is a more difficult task that developing Artificial Intelligence (AI), he added",12,0.02,0.87,0.91,0.93
it was to build quantum computing devices,26,0.16,0.94,0.96,0.58
quantum computers work on 'qubits,35,0.14,0.84,0.99,0.35
companies nowadays are providing quantum computing on the cloud as a service (QCaaS) which is a great start for quantum technology,8,0.08,0.92,0.91,0.91
"To realize a useful quantum computer, the quality requirements for the qubits are extremely demanding",28,0.01,0.88,0.91,0.92
"the global science and technology strategy, and quantum chip development is the core of quantum computer research",28,0.01,0.88,0.92,0.88
The present disclosure provides a superconducting qubit,21,0.02,0.87,0.93,0.58
This is of great importance in developing efficient protocols in quantum technologies,12,0.02,0.87,0.91,0.86
IonQ announced in October 2020 that it had developed the world’s most powerful quantum computer with a 32-qubit system,36,0.08,0.83,0.91,0.77
IonQ is building quantum computing for today and for the future,26,0.16,0.94,0.96,0.58
"The U.S. and other nations are in a race to develop quantum technology, which could fuel advances in artificial intelligence, materials science and chemistry",27,0.05,0.87,0.91,0.81
"To realize a useful quantum computer, the quality requirements for qubits are extremely demanding",28,0.01,0.88,0.91,0.92
"A quantum dot film, a quantum dot light-emitting assembly and a display device are provided",21,0.02,0.87,0.92,0.67
A fault tolerant quantum computer is implemented using hybrid acoustic-electric qubits,35,0.14,0.84,0.93,0.55
"This present disclosure provides group III-V quantum dots,",21,0.02,0.87,0.93,0.61
"CYD       CYD (Nantong Changed New Material Co., Ltd) is the global leader in developing, manufacturing and marketing high quality quantum",11,0.12,0.95,0.98,0.56
"of driving industry-leading initiatives that leverage the Cloud's on-demand elasticity, her team is focused on engineering Artificial Intelligence (AI), Machine Learning, and delivered meaningful research on Quantum Computing capabilities to enable faster, more advanced, and complex market models to provide a superior client experience",32,-0.01,0.83,0.91,0.91
Quantum computing is still at an early stage,11,0.12,0.95,0.98,0.51
"The Center for Quantum Computing will focus on quantum hardware, education, and fundamental research",24,0.11,0.85,0.91,0.64
There are additional issues involved with implementing and operating quantum computing,2,0.01,0.91,0.91,0.85
What are the challenges facing quantum computing and how can you step up to help solve them,11,0.12,0.95,0.98,0.51
"Riverlane Riverlane's mission is to make quantum computing useful far sooner than previously imaginable, starting an era of human progress as significant as the industrial and digital revolutions",5,0.30,0.83,1.00,0.03
Building a working quantum computer is such a daunting venture that many believe it,19,-0.00,0.86,0.91,0.81
"IQM is building Finland's first commercial 54-qubit quantum computer with VTT, and an IQM-led consortium (Q-Exa) is building Germany's quantum computer, which will be integrated into an HPC supercomputer to create an accelerator for future scientific research",39,0.05,0.85,0.90,0.97
"Qiskit(11), one of the major development tools for quantum computer software, is available for Fujitsu's quantum simulator and offers quantum software developers",34,0.09,0.84,0.91,0.75
IBM IBM Quantum is an industry-first initiative to build universal quantum systems for business and science applications,8,0.08,0.92,0.95,0.83
China's vigorous fusion program is committed to developing its quantum computing resources,39,0.05,0.85,0.91,0.74
"In 1999, NEC developed a superconducting qubit for use in gate-type quantum computers",39,0.05,0.85,0.93,0.75
The overall aim is to develop and publish a roadmap that will enable scalable quantum technologies,30,-0.02,0.90,0.92,0.76
collaboration with Microsoft to provide Rigetti quantum computers over the cloud to Microsoft's Azure Quantum Service usersBERKELEY,21,0.02,0.87,0.95,0.60
We believe recent performance results on our next-generation machines and chip architecture showcase the excellent progress we are making on our roadmap to help unlock the commercial potential of quantum computing,1,-0.06,0.79,0.91,0.96
It was developed in the Enabling QUAnTum AdvantagE (EQUATE) project,30,-0.02,0.90,0.98,0.72
"IQM is an innovative company from Europe with regards to technological advancements in quantum computing, and I am looking forward to supporting them on their growth trajectory,"" said Sierk Poetting",19,-0.00,0.86,0.92,0.85
the Q&A session is available on this webpage,11,0.12,0.95,0.91,0.74
"Indefinite causal order provides a truly new resource for quantum technologies, and our Network",21,0.02,0.87,0.96,0.56
Companies like Google and IBM plan to double the performance of quantum computers each year,35,0.14,0.84,0.91,0.60
"The present application provides a synchronization method and apparatus for a quantum key distribution system, relating to the technical field of quantum secure",22,0.03,0.79,0.92,0.73
The research team developed a new and more efficient quantum algorithm of the Monte Carlo techniques adopted by scientists to measure the Renyi entanglement entropy of objects,10,0.06,0.79,0.90,0.93
"Zapata Computing, Inc. builds quantum-ready applications for enterprise on Orquestra®,",29,0.07,0.85,0.92,0.63
SpeQtral's QKD technology solution is a crucial element in building global quantum-secure communication networks,12,0.02,0.87,0.94,0.87
"D-Wave is the leader in the development and delivery of quantum computing technology, software, and services",28,0.01,0.88,0.90,0.91
"It also directs the services to establish programs with small and medium businesses to provide quantum computing capabilities to government, industry, and academic researchers working on these challenges",21,0.02,0.87,0.92,0.97
Link to Story       Emergen Research Logo       Increasing adoption of quantum computing and growing implementation of deep learning chips for robotics are some key,27,0.05,0.87,0.92,0.92
Atom Computing will use this new investment to build their second-generation quantum computing systems and commercialize the technology,26,0.16,0.94,0.99,0.68
The latest technological developments and surge in demand are the prime factors behind the rapid Quantum Dot sensor market growth,28,0.01,0.88,0.90,0.84
"The team from University of New South Wales (UNSW) in Australia, in partnership with the University of Melbourne, University of Technology Sydney, and others based in the US, Japan and Egypt, has developed silicon-based quantum processors",30,-0.02,0.90,0.98,0.72
Our Quantum Center is focused on trying to develop quantum sensors and quantum technology,24,0.11,0.85,0.91,0.93
"This collaboration will utilize QCI's Qatalyst software to provide more accurate and diverse underwriting insights, leveraging quantum-ready classical, early NISQ, and eventually full-scale quantum computers",21,0.02,0.87,0.90,0.86
IBM Quantum IBM Quantum is an industry-first initiative to build universal quantum systems for business and science applications,8,0.08,0.92,0.95,0.83
I am very much looking forward to speaking about the software that we develop at HQS to make quantum computers useful for the high performance computing (HPC) community,38,-0.05,0.79,0.92,0.88
SavantX is one of the first organizations in the world to leverage the enormous power of quantum computing,27,0.05,0.87,0.90,0.79
"Also, some countries are developing quantum communication methods that should be immune to an attack",8,0.08,0.92,0.92,0.82
project which is going to be first Quantum Computing Technology Park of India,11,0.12,0.95,0.99,0.71
The event and Q&A session will be available,11,0.12,0.95,0.91,0.74
"light source module, which will be a key device to realize a rack-sized optical quantum computer",19,-0.00,0.86,0.91,0.92
"As a first step, we will develop an optical quantum computer composed",30,-0.02,0.90,0.97,0.66
"IQM is building Finland's first commercial 54-qubit quantum computer with VTT, and an IQM-led consortium (Q-Exa) is building a quantum computer in Germany that will be integrated into an HPC supercomputer to create an accelerator for future scientific research",39,0.05,0.85,0.90,0.97
A collaboration between the University of Birmingham-led UK Quantum Technology Hub and BAE Systems to develop and integrate quantum sensing technologies,39,0.05,0.85,0.94,0.74
There are two ways to counter the threats quantum computers,11,0.12,0.95,0.94,0.70
the race to innovation in quantum computing proving to be the great scientific race,2,0.01,0.91,0.92,0.82
"IQM is building Finland's first commercial 54-qubit quantum computer with VTT, and an IQM-led consortium (Q-Exa) is building Germany's quantum computer that will be integrated into an HPC supercomputer to create an accelerator for future scientific research",39,0.05,0.85,0.90,0.97
they work on AI and quantum computing,31,0.01,0.78,0.92,0.73
the Quantinuum Model H1 quantum computer powered by Honeywell,28,0.01,0.88,0.93,0.79
"He said he and colleagues had developed an algorithm for a non-quantum computer to perform a task ""thought to be impossible"" for regular computers",19,-0.00,0.86,0.91,0.76
"In the future, new materials will enable quantum computing to further enhance transaction handling and improve security",32,-0.01,0.83,0.91,0.85
Their work has the potential to provide the missing part of the ultimate quantum technology,21,0.02,0.87,0.96,0.56
China builds world's fastest programmable quantum computers,26,0.16,0.94,0.95,0.71
"In both cases, Big Tech is working in tandem with research institutions to develop quantum computers, although these are currently still relatively small in relation to the end-state vision",27,0.05,0.87,0.91,0.99
"Xanadu, also a CDL alum, it meant establishing the company as the world leader in photonic quantum computing, with a mission to build quantum computers that are useful and available to people everywhere",27,0.05,0.87,0.90,0.89
"Firstly, we develop new methods and software for optimising quantum circuits",39,0.05,0.85,0.92,0.71
The Centre of High-Performance Computing (CHPC) will provide the quantum computing infrastructure,21,0.02,0.87,0.96,0.58
"quantum systems are available on all three major cloud providers, including Microsoft Azure",28,0.01,0.88,0.92,0.79
The demand for IonQ's quantum computers has never been clearer,11,0.12,0.95,0.97,0.59
quantum computers are available via all major cloud providers,2,0.01,0.91,0.95,0.74
"there are opportunities to promote joint projects in hypersonic weapons, quantum computing and autonomous land, sea and air vehicles",27,0.05,0.87,0.91,0.88
Dr. Devoret has developed a quantum computer based on superconducting devices,39,0.05,0.85,0.92,0.75
The race to innovation in quantum computing is proving to be the great scientific race,2,0.01,0.91,0.92,0.82
Quantum computing technology enables scientists to develop medical and diagnostics tools that are ultra-precise and ultra-personalized,27,0.05,0.87,0.91,0.83
"Ilyas Khan, CEO of CQ, said, ""Our team of scientists is relentlessly focused on closing the gap between the real-world limits of classical computation and the quantum advantage that will be available in the NISQ era",19,-0.00,0.86,0.90,0.83
Saggezza developed its quantum computing lab to promote its belief that innovation should,30,-0.02,0.90,0.95,0.61
The start-up C12 Quantum Electronics develops reliable quantum processors to speed up highly complex computing tasks,39,0.05,0.85,0.90,0.76
"His dissertation, ""Protected qubits, Floquet engineering and crosstalk suppression with superconducting circuits,"" provides solutions for challenges in creating scalable quantum devices, among them suppressing noise and crosstalk to improve device coherence",9,0.04,0.78,0.91,0.83
"Among the technologies in development are advances in quantum computing and networks that are many times more effective at encrypting or decrypting today's communications, Paul Lopata said",19,-0.00,0.86,0.91,0.94
Prototype quantum computers have been built by firms such as Google,26,0.16,0.94,0.99,0.68
There were talks on the latest research into quantum sensors and computing,2,0.01,0.91,0.94,0.83
. Half of the projects are in quantum computing,11,0.12,0.95,0.98,0.51
Israel had around 25 groups in industry working on quantum technology,18,0.02,0.85,0.93,0.59
China is working on an ambitious quantum information science research project and channelizing efforts to develop quantum computing and communications,39,0.05,0.85,0.91,0.87
"NC State chose to embrace an emerging field like quantum computing, that is still very early,",19,-0.00,0.86,0.92,0.79
There have been some significant advancements in quantum computing in the past few,2,0.01,0.91,0.92,0.83
Mukai enables companies like Boeing and others to leverage the power of quantum technologies with its best-in-class performance,32,-0.01,0.83,0.91,0.75
"continuous further development of algorithms on various quantum computers,"" said Florian Neukart, Director Advanced Technologies and IT Strategy",34,0.09,0.84,0.90,0.84
The agency wants to build the first ever quantum internet,26,0.16,0.94,0.99,0.68
The president recently announced a goal to double AI spending and quantum computing R&D,36,0.08,0.83,0.91,0.55
This collaboration was focused on enriching the establishment of a new 64-qubit quantum computing lab,24,0.11,0.85,0.95,0.47
more exotic technologies such as quantum radar are also under development,2,0.01,0.91,0.94,0.75
"Quantum computing will enable us to tackle complex scientific and business challenges, driving step-change improvements in computational power, operating costs and speed",32,-0.01,0.83,0.90,0.79
We are excited to help accelerate the adoption of quantum computing as a solution,31,0.01,0.78,0.92,0.73
"IBM, Microsoft and Amazon are working to provide broader access to the technology by implementing quantum computing",21,0.02,0.87,0.93,0.63
"Delta Air Lines, Goldman Sachs, Wells Fargo and Woodside Energy are among the latest organizations to begin to explore practical applications using quantum computing",27,0.05,0.87,0.92,0.98
IBM Quantum       IBM Quantum is an industry-first initiative to build commercial universal quantum systems for business and science applications,27,0.05,0.87,0.94,0.79
International Business Machines Corp. (IBM) said that it is working with more than 100 organizations to advance practical Quantum Computing,18,0.02,0.85,0.92,0.59
